id,name,content,teamId
1,Re-engineered mobile software,Animal pressure newspaper phone show. Claim collection lot spend dog.,19
2,Distributed dynamic approach,History age break. Must its follow series between.,17
3,Persistent cohesive ability,Often art interview history. Fine impact computer interesting form this here seek. Economic baby cell vote.,13
4,Exclusive disintermediate benchmark,Population produce language east know teach. Which drug hundred.,19
5,Pre-emptive content-based pricing structure,Sing concern explain four make nearly. State company appear father whether truth test car.,20
6,User-centric executive standardization,Establish unit those dream benefit. Growth without then gas build develop. Office enough because argue discover suffer cover.,3
7,Profit-focused bandwidth-monitored function,Nature child animal popular claim meet people. Move executive standard system.,11
8,Persevering 24/7 ability,Anyone rest half senior. Alone cultural white task source time ready whose.,23
9,Cloned well-modulated product,Writer process type language them fall candidate. Watch between lose thousand sort practice. Win account yeah trial few.,10
10,Stand-alone national extranet,Tough reduce effort development dinner pressure argue never. When increase maintain across quite film mission identify. World ago statement party.,1
11,Progressive dedicated budgetary management,Up certainly anything. Billion management individual ahead court.,9
12,Monitored homogeneous task-force,Tell arm drug tax girl. Smile own he now.,5
13,User-centric 24/7 website,Suffer about two place soon. Summer red final western couple act.,6
14,Upgradable intangible parallelism,Exactly social record attorney. Forget religious democratic. Behind war from history area.,20
15,Triple-buffered demand-driven secured line,Degree camera clear behind political. Beat thing citizen yard.,6
16,Reverse-engineered incremental system engine,Care interest tax whose. Draw above tell yet southern answer. Suddenly far lawyer.,6
17,Inverse systemic capability,Majority avoid trouble just job. Without interview company you physical generation yes.,19
18,De-engineered systematic methodology,National imagine star few law body him.,7
19,Open-source incremental flexibility,Happy food real sea travel. One early he rate wish product collection event. Source tonight defense.,10
20,Streamlined foreground parallelism,Rate beautiful enter claim minute chance civil. Bed all certain can fill.,8
21,Customer-focused user-facing implementation,Risk seek above read various in.,9
22,Public-key scalable archive,Majority staff condition development particular well. Man she different career the. Process picture trouble painting help institution response among.,12
23,Self-enabling hybrid benchmark,Scientist billion social worry media ahead next. Join wall firm despite network page.,21
24,Extended dynamic frame,Into check under have. Put practice soldier both hotel new rock. Simple newspaper under tax.,17
25,Profound dynamic open architecture,Affect after fine specific. Fast by send any. Choose item class head matter.,9
26,Robust secondary data-warehouse,Fall section but voice. Sign among seek view town green.,11
27,Persevering static frame,Change firm never future trial toward. Enjoy Mrs experience trial address clear.,8
28,Versatile multimedia database,Involve Mr today. Pay same herself southern. Must grow different increase.,17
29,Fully-configurable encompassing implementation,Rest probably after event during. Policy add enough arm. Line per decision phone why leg.,2
30,Front-line composite parallelism,Green loss today me perform goal.,23
31,Persevering explicit process improvement,Measure prepare responsibility way note. Idea course world raise reality go impact.,4
32,Front-line encompassing benchmark,Couple face throughout best defense the front. Unit weight local account.,17
33,Secured empowering project,Hand director TV poor majority. Serious situation third exactly citizen type policy.,3
34,Customizable value-added Local Area Network,Will significant learn idea choice threat. Wrong itself performance argue.,4
35,Cross-group optimizing hierarchy,Source upon network marriage rule draw trip race. Discussion accept bed effort rate blood.,23
36,Assimilated needs-based knowledgebase,Car seven because beyond PM part political. Opportunity trip individual. Sister put others late walk.,4
37,Virtual demand-driven groupware,Upon it fact citizen. Better help operation note.,7
38,Face-to-face transitional architecture,Which read professional instead. Response travel good wrong. Without space past.,1
39,Digitized hybrid capability,Of to Mrs. Single become second. Detail still boy unit away sure you.,21
40,Automated analyzing pricing structure,Suffer something structure program various rich reflect. Be race build across offer a happy.,7
41,Virtual foreground interface,Million account ever wide top interest accept. Process such drug front actually two dog.,7
42,Multi-channeled national approach,Floor partner turn choose whatever. Indeed summer during individual figure nothing man.,19
43,Assimilated multimedia capacity,State space personal environmental factor process happy executive. Show may region pull you run around worry.,2
44,Mandatory incremental synergy,Nearly report vote indeed both. Statement pressure them food people together wind. Weight consider eye role.,5
45,Exclusive uniform architecture,Recent which radio wait outside history. Amount this pull yet wonder hospital.,13
46,Public-key global task-force,Thing may product. Well project sit popular very seat economic.,5
47,Cloned grid-enabled website,Ground give color career issue produce. Various lead choose work.,5
48,Diverse heuristic core,Good worry loss opportunity news door. Himself wife together question look necessary actually.,18
49,Open-architected web-enabled frame,Only face property PM scientist. Fast meeting medical dog message teach huge.,21
50,Streamlined local concept,Kind per bit. Nature difficult address owner ten.,5
51,Mandatory responsive paradigm,Too hold more third interview baby. Thousand action so international.,19
52,Automated demand-driven installation,Attorney free hotel simple concern. Have short could notice maintain theory. Wide must hear hair.,21
53,Front-line mission-critical product,Thought deep blue become test public firm total. Bed standard economy force.,21
54,Advanced national info-mediaries,Lawyer end happen bar start message prevent. American speak red.,18
55,Extended analyzing project,Number vote use get. Start attack field big. Decade accept likely why begin allow.,11
56,Implemented optimal challenge,Federal remember suddenly scene property hot. Maybe popular sound eye sometimes. Member find without by culture smile notice politics.,18
57,Phased systemic budgetary management,Business receive dream office stage election base. Hold try two occur.,11
58,Virtual homogeneous contingency,Leader among our successful drive would prepare. Member picture account mind hold song. New face go teacher purpose.,11
59,Progressive regional initiative,Buy goal school avoid fact free. Whom sign something matter allow money. Answer fund consumer teach sing rest candidate.,20
60,Versatile multimedia alliance,Head better seem whether source seem little. Under computer be.,19
61,Stand-alone system-worthy adapter,Expert arm enter again model. Woman without trade bad hour.,3
62,Programmable asynchronous frame,Strong image property recent. Use ten growth candidate. Court foot consumer many budget local.,3
63,Cross-platform directional groupware,Practice nice radio. Stop nor may south.,5
64,Switchable 6thgeneration forecast,Institution civil month listen information. Development sometimes need wind rise science whatever. White hit doctor artist set. Company responsibility six human ten find however family.,7
65,Operative motivating moratorium,Not government million single. Personal strong early history new. National increase general part security stay information.,13
66,Synergized attitude-oriented flexibility,Affect than here. Shake huge company your everyone ready big. Five use friend no bag.,2
67,Self-enabling well-modulated customer loyalty,Certain property common test quickly official summer peace. Care skin talk PM structure. Talk open week born purpose medical question.,23
68,Programmable needs-based Graphic Interface,Perform deep space happen cell. Also once above thing.,16
69,Upgradable coherent encryption,Left safe rather. While exist maybe college buy lead because.,20
70,Object-based multimedia standardization,Worker describe thus worry prevent. Weight customer language write best.,2
71,Programmable mission-critical initiative,Long serious start learn bill. Several her stand wide argue level tonight. Mission institution much material.,14
72,Inverse leadingedge system engine,About fear music really. Environment you yard grow not.,3
73,Digitized national help-desk,Act more mention mother since.,9
74,Ergonomic impactful knowledge user,Political year pressure compare edge. Sit eye trouble ball enjoy own word. Speech really sort reach dog.,3
75,Right-sized didactic monitoring,Meet prevent every huge tell unit answer open. Line woman mean each example. Summer present room sell.,6
76,Stand-alone client-driven toolset,Wife mission hand assume. Side within us at future pressure. Box service piece.,5
77,Digitized discrete groupware,Guess yes lay measure study condition. Need college scientist.,19
78,Future-proofed 24/7 encryption,For suffer suggest once minute. My majority religious daughter create.,22
79,Multi-lateral heuristic complexity,Myself short science onto. Arrive avoid cover project address choose. Product something good within series community site.,11
80,Re-contextualized disintermediate open system,Mouth also return story claim explain. Red clear yes establish question her church.,8
81,Ergonomic background archive,Increase system main claim. Reflect Republican understand offer position cup.,23
82,Face-to-face contextually-based archive,Break information on customer prepare. Fly ready skill agree stock agreement guy media.,15
83,Intuitive optimal standardization,Eat boy board owner even heavy. General mean either manager.,10
84,Proactive exuding extranet,East level significant owner. Check oil center stand Mr almost put.,8
85,Public-key 3rdgeneration hardware,Fact market audience lot class mother time. Director across just crime better.,1
86,Up-sized scalable toolset,Reduce PM live benefit again author. Card charge chair true develop space five hope.,11
87,Function-based mobile access,Course course go. Brother right middle. From some there their.,15
88,Digitized content-based challenge,Accept several friend budget policy character.,11
89,Organic modular framework,Your consumer today theory. Down sing concern finally. Animal down evening federal dream.,7
90,User-friendly well-modulated success,Box itself member ten. Behind front suffer beyond.,7
91,Triple-buffered 24hour software,Economic whose senior where discuss. Control instead inside baby administration water.,8
92,Innovative full-range time-frame,Top all billion production voice. Music very green realize young. Necessary second subject structure forget.,18
93,Virtual fault-tolerant array,Party since song. People Mr their however evening at open.,11
94,Polarized responsive neural-net,Number billion ball. Quickly level a.,12
95,Optimized context-sensitive ability,Science because eye nearly war response different. Watch fight front police guess general. Picture candidate out.,9
96,Team-oriented intangible hardware,Western few perhaps up edge. Yourself music rock drive education improve imagine.,17
97,Multi-channeled upward-trending definition,Focus require might series. Federal article boy dark receive. Risk eat music perhaps politics audience together.,23
98,Virtual optimizing standardization,Century must be mention hold up rather. Minute student scientist administration. Science ten environmental appear.,21
99,Profit-focused zero-defect model,Speak six final summer consumer. Address but opportunity several movement cup seat shake.,9
100,Future-proofed grid-enabled groupware,Of degree body treatment short various. Detail through by force my third capital professional.,22
101,Synchronized intangible solution,Hope friend main able evening. Letter visit him generation ever.,15
102,Multi-tiered eco-centric leverage,Company example account south business away. Affect any operation staff challenge much. Country teach character street truth wall.,19
103,Face-to-face asymmetric pricing structure,Weight tend machine. Car money some PM year carry land. Approach mother deep example.,11
104,Customizable hybrid capability,Room I charge group action four character. Institution blood production someone study share any possible.,22
105,Focused heuristic projection,Against heart from state sign. Media line guess foot.,15
106,Universal homogeneous installation,Market southern form arrive evening particularly. Value best special relationship. Maybe ask rate worry tend ground. Situation weight out question student pay source.,1
107,Re-contextualized heuristic project,Especially deal international see. Class player region national trade alone task.,12
108,Open-architected well-modulated help-desk,Fall black start never. Would push though particular official again. Section American store energy until individual very.,4
109,Open-architected background capability,Seven social include party cold. Type a window feel probably.,17
110,Mandatory transitional system engine,Way close grow nearly never. Rise institution ahead growth ok piece understand.,20
111,Programmable neutral middleware,Hand box talk class win interest. Also data occur black system. Main prevent bank game safe.,12
112,Digitized needs-based analyzer,Add amount up stay issue single country. Upon thousand not say reach myself as western. Industry defense still education change.,14
113,Universal homogeneous moderator,Natural hear while wind memory. Require fine culture nation. Agree debate particularly dream.,2
114,De-engineered asynchronous matrix,Beat dark cold soon more.,20
115,Open-architected incremental capability,Do law require tax director edge rule. Form decide note service international. Chance increase car reality government national.,1
116,Configurable motivating framework,Happen sea store. Offer loss suddenly include foot call democratic. It tree stay imagine center shoulder growth.,10
117,Devolved zero-defect hub,Hair beat pick. Start know people pattern. Fall pressure leave could contain.,3
118,Stand-alone secondary parallelism,Strategy word social phone strong decision. Watch explain level wide choose. Several environmental response scientist. Move somebody person drive identify my another.,2
119,Multi-layered leadingedge policy,Produce artist no where wear two also. Half force process purpose enter six.,12
120,Proactive modular budgetary management,Situation expert work. Group we condition book. Take peace focus six.,8
121,Open-architected discrete encryption,Night seven magazine difference tax technology right.,4
122,Horizontal discrete Internet solution,Something when own school. Large probably range certain like music movie. Every though particularly prevent authority different.,8
123,Decentralized attitude-oriented system engine,As hit how poor forget bad. Painting law able last.,17
124,Versatile leadingedge alliance,My identify within establish require. Yourself back style hear wind various movie hard. Recent itself long bring.,8
125,Profound client-server functionalities,Military strong Democrat car lot with local. A this ready address individual.,12
126,Monitored client-server intranet,Visit team forget.,6
127,Ameliorated intangible process improvement,Sell project again cold fish keep. Ahead chair wind doctor off hundred.,2
128,Ameliorated impactful analyzer,Establish clear forward determine culture. Chance small pick eye single federal. Sell yet friend for.,1
129,Realigned methodical flexibility,President nice someone evening travel rather. Particularly control matter animal. Many heart campaign reduce.,14
130,Face-to-face background knowledge user,Style trial arrive physical along share dark. Study range street physical Mr. Country decide oil beyond design wife.,8
131,Future-proofed maximized parallelism,Pressure hair product indeed few production.,22
132,Universal 6thgeneration process improvement,Finish adult crime. Thought news expect room surface who notice way.,13
133,Innovative bandwidth-monitored migration,Sometimes phone air help. Next decade sport.,4
134,Implemented zero-defect system engine,Half put past forget admit home. Ready thank stop full them fine.,3
135,Ergonomic bifurcated concept,Order including stock soon. Project scene however page. Its mouth will too compare PM foreign three.,19
136,Re-contextualized regional open architecture,Owner environmental our water white daughter. Question environment key pick.,7
137,Managed foreground intranet,Decide that bar visit film government course. Nation change step Republican. Know color popular concern poor meet recently.,14
138,Function-based responsive implementation,Party live face before. Option plan card force glass ok.,20
139,User-centric holistic Graphic Interface,Hear imagine new family. Political than hour explain.,4
140,Devolved full-range function,Sound despite training later central call shoulder.,16
141,Integrated value-added project,Easy kind indicate start soon. Development difference near instead expect yet.,20
142,Sharable next generation process improvement,Low actually call material option. Apply popular hear kitchen. Water make leader.,19
143,Versatile discrete hierarchy,Someone billion agent why us. Film country speak next shake compare cover.,23
144,Future-proofed methodical parallelism,Available hand improve outside. Thus season prove religious view land. Sit benefit key local prove inside.,18
145,Persevering fresh-thinking migration,Just author plan. Structure suffer eight.,23
146,Realigned dynamic product,Within each computer month degree hair. Consider TV speak.,15
147,Innovative actuating policy,Develop economic concern find too father nature account. Cup energy bill I network. Carry mother even others eye.,5
148,Fundamental empowering forecast,Cultural admit vote. Magazine necessary tough project idea. All citizen speak she.,21
149,Function-based local software,Let consider score gun generation weight whom. Military play foot pattern wonder response Congress. White bit southern yes small however.,7
150,Advanced coherent archive,Join against fight ready half poor. Bad social investment.,17
151,Automated neutral neural-net,Yeah process rest part inside item improve. Late cup direction alone material. Region gun do better energy everything science.,12
152,Enterprise-wide tangible encryption,Across everyone health great. Whole home trip professional build expect organization. Especially catch perhaps she pressure hair take in.,19
153,Public-key fault-tolerant analyzer,Decide among hit political. Hair them low step same. War number chance.,14
154,Versatile upward-trending Graphical User Interface,Themselves environmental four wrong long fine evidence.,10
155,Switchable zero tolerance service-desk,Play daughter different east dinner. Wait of season mean. Authority show growth industry.,13
156,Proactive human-resource model,South each benefit off three way policy. Impact about Republican young look education. Trade everyone necessary tend certain time imagine. Entire American or look determine member much.,17
157,Advanced 3rdgeneration data-warehouse,Democratic win position whom. Draw street threat realize environmental. Explain attorney collection.,12
158,Re-contextualized user-facing initiative,Cause almost also threat day. Leg black personal break. Message get manage read. Trouble policy itself story politics grow.,17
159,Multi-channeled value-added instruction set,Become live hot include above man I act. Movie fund fish off tell product herself. With that pressure entire like.,2
160,Multi-channeled local core,Help war who world commercial it.,18
161,Extended uniform system engine,Participant by teacher run can general even. Three right often learn describe fill. Military pressure poor within organization. Herself behind sell care.,12
162,Object-based homogeneous system engine,Eye leave heavy. Bill house its view.,2
163,Automated logistical encryption,International exactly grow national take cut. Candidate water its.,10
164,Ameliorated mobile Graphical User Interface,Share contain or measure whose.,21
165,Ameliorated disintermediate extranet,Region mention as politics manage wife.,12
166,Proactive high-level circuit,North executive and despite magazine important. Mr carry until. Each project anyone after any. Involve seek pull sometimes radio main policy evidence.,5
167,Secured holistic middleware,Green become again hair. Smile research style head father his. Trouble continue mean its argue college example.,21
168,Intuitive 24hour installation,Lot wide human experience meet success cover. Bank maybe similar left notice.,10
169,Organized user-facing conglomeration,Skin keep matter week general type. Church fear free send TV operation them. Management pull give agree traditional nor. Account order trouble responsibility moment form smile.,1
170,Synergistic neutral interface,Main analysis drug raise source. Set deal most night. Shoulder spring particularly focus.,3
171,Visionary object-oriented attitude,Event force within pull. Behavior season local fact card themselves eat. Mr station where public base.,17
172,Upgradable foreground model,Nature crime often spend wall herself. Network success itself suffer when.,23
173,Configurable regional initiative,Our word hear still report wall. Social sound all way.,2
174,Synergistic 24/7 Graphic Interface,Tell movie southern reduce recent. Day agreement care medical.,3
175,Synergized composite conglomeration,Scientist group as western never way. Doctor here offer behind control their hundred feel.,14
176,De-engineered non-volatile initiative,Pay economic through president letter oil. International child impact speech reach speech lawyer same. Wish list event life letter eye.,13
177,Future-proofed interactive moratorium,Night sound debate black.,6
178,Virtual demand-driven methodology,Bring high house right write early nature rest. Republican rate beyond this join lead be. Go sing commercial region memory drop special.,13
179,Synergistic reciprocal capacity,End similar dinner rule. Stop mission federal science live oil democratic similar.,23
180,Secured bandwidth-monitored encoding,Travel serious oil street.,10
181,Phased client-server success,Possible baby important audience anything. Project area detail base.,3
182,Business-focused client-driven focus group,White thing wait ground doctor determine agency. Whom no growth stay soldier out deep. Deal near resource more price be best. Thus important add our force throw.,15
183,Cross-group object-oriented intranet,Front evening company hold thus yourself. Hard part society cost look name sense.,6
184,Intuitive zero administration workforce,Fly Mrs trial industry accept eye recently. Nice nation provide mother black. Everything over wait Democrat magazine.,20
185,Synergized solution-oriented encryption,Mention area smile there. Human middle strategy.,19
186,Proactive 6thgeneration toolset,Sense on physical. Push poor shake detail door debate off say. Despite ability close build case crime.,9
187,Automated systematic encryption,Notice seem race less performance such. Represent over several relate.,15
188,Synergistic impactful artificial intelligence,Listen happen near alone. Discuss foot this record increase.,15
189,Object-based solution-oriented benchmark,Tend forget already any. Yet appear mission collection side.,5
190,Team-oriented asynchronous flexibility,Model candidate sing should. Building my arrive house. Serve person sure image age. Protect down rate suddenly their scientist.,19
191,Profound zero tolerance software,Contain impact his chance admit art government economy. First state thus song. Career television meeting bank art sound space.,20
192,Customizable encompassing frame,Economy save attorney. War figure six benefit something on agree change.,23
193,Automated intermediate strategy,Offer learn newspaper establish morning usually throughout. Movie side worry walk recently whether.,18
194,Organized upward-trending focus group,Recently happen another trade apply. Vote probably parent.,21
195,Quality-focused next generation ability,Floor lot front operation through visit others. Drive investment action policy enough guy.,5
196,Synchronized homogeneous complexity,Reach no site before couple meet. Body scene green people during fill agree phone.,16
197,Versatile eco-centric structure,Public rock away sign. Street public among serious help.,20
198,Versatile real-time hub,Sit easy final fine especially. Detail international table first teach boy fall.,3
199,Cloned scalable Internet solution,Might local floor. Traditional run son shoulder. Anyone yes term new task prepare they. Without occur probably social rich under manager.,22
200,Versatile asynchronous utilization,Yard be middle. Reach draw plant special.,17
